book,chapter,origin_list
"Algebra_1",1,"[ ""1"", ""1"", ""1"", ""1"", ""1"", ""1"", ""1"", ""1"", ""1"", ""1"", ""1"", ""1"", ""1"", ""1"", ""1"", ""1"", ""1"", ""1"", ""1"", ""1"", ""1"", ""1"", ""1"", ""1"", ""1"", ""1"", ""1"", ""1"", ""1"", ""1"" ]"
"Algebra_1",2,"[ ""2"", ""2"", ""2"", ""2"", ""2"", ""2"", ""2"", ""2"", ""2"", ""2"", ""2"", ""2"", ""1"", ""1"", ""1"", ""1"", ""1"", ""1"", ""1"", ""1"", ""1"", ""1"", ""1"", ""1"", ""1"", ""1"", ""1"", ""1"", ""1"", ""1"" ]"
"Algebra_1",3,"[ ""2"", ""2"", ""2"", ""2"", ""2"", ""2"", ""3"", ""3"", ""3"", ""3"", ""3"", ""3"", ""3"", ""3"", ""2"", ""2"", ""1"", ""1"", ""1"", ""1"", ""1"", ""1"", ""1"", ""1"", ""1"", ""1"", ""1"", ""1"", ""1"", ""1"" ]"
"Algebra_1",4,"[ ""4"", ""4"", ""4"", ""4"", ""2"", ""4"", ""4"", ""3"", ""3"", ""3"", ""3"", ""3"", ""3"", ""3"", ""3"", ""2"", ""1"", ""1"", ""1"", ""1"", ""4"", ""4"", ""4"", ""4"", ""4"", ""4"", ""4"", ""4"", ""1"", ""1"" ]"
"Algebra_1",5,"[ ""5"", ""4"", ""4"", ""5"", ""5"", ""5"", ""5"", ""5"", ""5"", ""5"", ""5"", ""5"", ""5"", ""4"", ""4"", ""3"", ""3"", ""3"", ""3"", ""2"", ""1"", ""1"", ""4"", ""4"", ""4"", ""4"", ""4"", ""4"", ""4"", ""1"" ]"
"Algebra_1",6,"[ ""6"", ""6"", ""5"", ""4"", ""5"", ""5"", ""5"", ""5"", ""5"", ""4"", ""4"", ""3"", ""3"", ""6"", ""6"", ""6"", ""6"", ""6"", ""6"", ""6"", ""6"", ""6"", ""6"", ""6"", ""6"", ""3"", ""3"", ""2"", ""4"", ""1"" ]"
"Algebra_1",7,"[ ""6, 7"", ""6"", ""5"", ""7"", ""7"", ""7"", ""7"", ""4"", ""4"", ""3"", ""3"", ""7"", ""7"", ""7"", ""7"", ""7"", ""7"", ""7"", ""7"", ""7"", ""7"", ""3"", ""3"", ""2"", ""1"", ""4"", ""4"", ""4"", ""4"", ""1"" ]"
"Algebra_1",8,"[ ""6, 7"", ""6"", ""2"", ""2"", ""4"", ""4"", ""3"", ""8"", ""3"", ""8"", ""7"", ""6"", ""6"", ""7"", ""7"", ""7"", ""6"", ""7"", ""7"", ""7"", ""3"", ""3"", ""8"", ""8"", ""2"", ""1"", ""4"", ""4"", ""4"", ""1"" ]"
"Algebra_1",9,"[ ""9"", ""6, 7"", ""6"", ""9"", ""9"", ""9"", ""9"", ""9"", ""9"", ""9"", ""9"", ""9"", ""4"", ""4"", ""3"", ""8"", ""8"", ""7"", ""7"", ""7"", ""7"", ""7"", ""6"", ""3"", ""3"", ""8"", ""8"", ""4"", ""4"", ""1"" ]"
"Algebra_1",10,"[ ""10"", ""9"", ""6, 7"", ""6"", ""10"", ""10"", ""10"", ""10"", ""10"", ""10"", ""4"", ""10"", ""3"", ""8"", ""3"", ""8"", ""9"", ""9"", ""7"", ""7"", ""6"", ""7"", ""7"", ""3"", ""8"", ""8"", ""8"", ""4"", ""4"", ""1"" ]"
"Algebra_1",11,"[ ""11"", ""11"", ""11"", ""9"", ""2"", ""2"", ""4"", ""10"", ""3"", ""8"", ""8"", ""11"", ""11"", ""11"", ""11"", ""11"", ""11"", ""11"", ""11"", ""11"", ""11"", ""7"", ""11"", ""10"", ""10"", ""3"", ""8"", ""8"", ""8"", ""1"" ]"
"Algebra_1",12,"[ ""11"", ""11"", ""11"", ""6"", ""2"", ""4"", ""10"", ""8"", ""3"", ""12"", ""12"", ""12"", ""12"", ""12"", ""12"", ""12"", ""12"", ""12"", ""11"", ""12"", ""12"", ""12"", ""12"", ""12"", ""12"", ""3"", ""8"", ""8"", ""8"", ""2"" ]"
"Algebra_1",13,"[ ""13"", ""11"", ""11"", ""11"", ""2"", ""4"", ""10"", ""8"", ""8"", ""7, 13"", ""7, 13"", ""12"", ""12"", ""12"", ""11"", ""11"", ""12"", ""12"", ""12"", ""13"", ""13"", ""13"", ""12"", ""10"", ""3"", ""8"", ""8"", ""8"", ""8"", ""1"" ]"
"Algebra_1",14,"[ ""14"", ""14"", ""14"", ""13"", ""2"", ""4"", ""10"", ""8"", ""3"", ""14"", ""14"", ""14"", ""14"", ""14"", ""14"", ""14"", ""14"", ""14"", ""12"", ""13"", ""13"", ""13"", ""13"", ""12"", ""3"", ""8"", ""8"", ""8"", ""2"", ""4"" ]"
"Algebra_1",15,"[ ""15"", ""11"", ""11"", ""11"", ""4"", ""10"", ""8"", ""8"", ""8"", ""14"", ""14"", ""14"", ""14"", ""14"", ""14"", ""14"", ""14"", ""14"", ""12"", ""12"", ""12"", ""13"", ""10"", ""12"", ""3"", ""8"", ""1"", ""4"", ""1"", ""15"" ]"
"Algebra_1",16,"[ ""13"", ""4"", ""2"", ""4"", ""10"", ""3"", ""8"", ""8"", ""14"", ""14"", ""14"", ""14"", ""14"", ""14"", ""14"", ""16"", ""16"", ""12"", ""12"", ""13"", ""13"", ""12"", ""12"", ""3"", ""8"", ""8"", ""2"", ""1"", ""4"", ""15"" ]"
"Algebra_1",17,"[ ""17"", ""17"", ""5"", ""10"", ""4"", ""10"", ""3"", ""8"", ""8"", ""17"", ""17"", ""17"", ""17"", ""17"", ""17"", ""14"", ""14"", ""14"", ""14"", ""16"", ""13"", ""13"", ""12"", ""13"", ""12"", ""10"", ""3"", ""8"", ""1"", ""15"" ]"
"Algebra_1",18,"[ ""17"", ""18"", ""18"", ""17"", ""4"", ""10"", ""3"", ""8"", ""18"", ""18"", ""17"", ""17"", ""17"", ""14"", ""14"", ""14"", ""14"", ""14"", ""12"", ""13"", ""13"", ""12"", ""12"", ""12"", ""3"", ""8"", ""8"", ""4"", ""4"", ""15"" ]"
"Algebra_1",19,"[ ""18"", ""13"", ""2"", ""4"", ""10"", ""8"", ""8"", ""19"", ""19"", ""19"", ""19"", ""19"", ""19"", ""19"", ""19"", ""18"", ""18"", ""17"", ""17"", ""17"", ""14"", ""14"", ""16"", ""12"", ""10"", ""3"", ""8"", ""1"", ""4"", ""15"" ]"
"Algebra_1",20,"[ ""18"", ""6"", ""5"", ""4"", ""10"", ""3"", ""3"", ""19"", ""19"", ""19"", ""19"", ""19"", ""19"", ""19"", ""19"", ""18"", ""18"", ""17"", ""17"", ""17"", ""14"", ""14"", ""14"", ""13"", ""12"", ""3"", ""8"", ""8"", ""1"", ""20"" ]"
"Algebra_1",21,"[ ""13"", ""17"", ""2"", ""4"", ""10"", ""8"", ""8"", ""21"", ""21"", ""21"", ""21"", ""18"", ""18"", ""21"", ""21"", ""17"", ""17"", ""17"", ""14"", ""14"", ""19"", ""19"", ""19"", ""13"", ""12"", ""3"", ""8"", ""9"", ""4"", ""15"" ]"
"Algebra_1",22,"[ ""22"", ""22"", ""18"", ""4"", ""10"", ""3"", ""8"", ""22"", ""22"", ""21"", ""21"", ""21"", ""21"", ""18"", ""18"", ""21"", ""21"", ""17"", ""17"", ""17"", ""14"", ""14"", ""19"", ""19"", ""19"", ""3"", ""8"", ""8"", ""2"", ""20"" ]"
"Algebra_1",23,"[ ""23"", ""23"", ""2"", ""4"", ""10"", ""8"", ""8"", ""23"", ""23"", ""23"", ""22"", ""22"", ""21"", ""21"", ""21"", ""18"", ""21"", ""17"", ""17"", ""17"", ""14"", ""14"", ""19"", ""19"", ""12"", ""3"", ""8"", ""4"", ""9"", ""15"" ]"
"Algebra_1",24,"[ ""13"", ""18"", ""2"", ""4"", ""10"", ""8"", ""3"", ""23"", ""23"", ""23"", ""23"", ""23"", ""24"", ""24"", ""24"", ""24"", ""22"", ""21"", ""21"", ""18"", ""21"", ""17"", ""19"", ""19"", ""13"", ""19"", ""3"", ""8"", ""8"", ""20"" ]"
"Algebra_1",25,"[ ""18"", ""9"", ""4"", ""10"", ""3, 8"", ""23"", ""23"", ""23"", ""24"", ""25"", ""25"", ""25"", ""25"", ""25"", ""23"", ""22"", ""21"", ""21"", ""18"", ""21"", ""17"", ""14"", ""19"", ""19"", ""12"", ""3"", ""8"", ""2"", ""4"", ""15"" ]"
"Algebra_1",26,"[ ""13"", ""5"", ""4"", ""10"", ""8"", ""8"", ""23"", ""24"", ""24"", ""25"", ""25"", ""25"", ""26"", ""26"", ""26"", ""23"", ""22"", ""21"", ""21"", ""18"", ""21"", ""17"", ""14"", ""19"", ""12"", ""19"", ""3"", ""8"", ""1"", ""20"" ]"
"Algebra_1",27,"[ ""18"", ""2"", ""4"", ""10"", ""3, 8"", ""23"", ""24"", ""24"", ""25"", ""27"", ""27"", ""26"", ""26"", ""26"", ""23"", ""22"", ""21"", ""21"", ""21"", ""21"", ""27"", ""19"", ""19"", ""19"", ""10"", ""3"", ""8"", ""8"", ""2"", ""15"" ]"
"Algebra_1",28,"[ ""13"", ""2"", ""4"", ""10"", ""8"", ""28"", ""28"", ""28"", ""28"", ""24"", ""25"", ""25"", ""27"", ""26"", ""26"", ""23"", ""22"", ""21"", ""21"", ""18"", ""21"", ""27"", ""14"", ""19"", ""12"", ""19"", ""3"", ""8"", ""2"", ""20"" ]"
"Algebra_1",29,"[ ""18"", ""2"", ""4"", ""10"", ""3, 8"", ""29"", ""29"", ""29"", ""28"", ""28"", ""28"", ""28"", ""24"", ""24"", ""25"", ""27"", ""26"", ""26"", ""29"", ""29"", ""21"", ""27"", ""29"", ""14"", ""19"", ""19"", ""3"", ""8"", ""8"", ""15"" ]"
"Algebra_1",30,"[ ""13"", ""2"", ""4"", ""10"", ""8"", ""30"", ""30"", ""30"", ""30"", ""29"", ""29"", ""29"", ""28"", ""28"", ""28"", ""28"", ""25"", ""24"", ""25"", ""27"", ""26"", ""29"", ""29"", ""21"", ""29"", ""14"", ""19"", ""3"", ""8"", ""20"" ]"
"Algebra_1",31,"[ ""21"", ""2"", ""4"", ""10"", ""3, 8"", ""30"", ""30"", ""30"", ""30"", ""30"", ""30"", ""29"", ""29"", ""29"", ""28"", ""28"", ""28"", ""25"", ""25"", ""27"", ""31"", ""31"", ""22"", ""21"", ""29"", ""29"", ""19"", ""29"", ""3"", ""20"" ]"
"Algebra_1",32,"[ ""15"", ""5"", ""4"", ""10"", ""3"", ""32"", ""32"", ""30"", ""29"", ""29"", ""29"", ""28"", ""28"", ""25"", ""25"", ""27"", ""31"", ""31"", ""23"", ""21"", ""29"", ""29"", ""29"", ""29"", ""19"", ""13"", ""8"", ""9"", ""1"", ""15"" ]"
"Algebra_1",33,"[ ""13"", ""2"", ""4"", ""10"", ""3, 8"", ""32"", ""33"", ""33"", ""33"", ""30"", ""29"", ""29"", ""29"", ""28"", ""28"", ""25"", ""25"", ""27"", ""31"", ""31"", ""21"", ""29"", ""29"", ""29"", ""19"", ""29"", ""19"", ""8"", ""8"", ""2"" ]"
"Algebra_1",34,"[ ""21"", ""3"", ""4"", ""10"", ""3, 8"", ""32"", ""33"", ""33"", ""33"", ""30"", ""29"", ""29"", ""1"", ""28"", ""28"", ""25"", ""27"", ""31"", ""31"", ""34"", ""34"", ""21"", ""29"", ""29"", ""29"", ""19"", ""29"", ""13"", ""3"", ""20"" ]"
"Algebra_1",35,"[ ""15"", ""4"", ""10"", ""3, 8"", ""32"", ""33"", ""33"", ""33"", ""30"", ""29"", ""29"", ""28"", ""28"", ""25"", ""27"", ""31"", ""31"", ""22"", ""35"", ""35"", ""35"", ""35"", ""21"", ""29"", ""29"", ""19"", ""29"", ""8"", ""29"", ""15"" ]"
"Algebra_1",36,"[ ""21"", ""2"", ""4"", ""10"", ""3, 8"", ""32"", ""33"", ""33"", ""36"", ""36"", ""28"", ""28"", ""25"", ""27"", ""31"", ""31"", ""35"", ""35"", ""35"", ""35"", ""21"", ""29"", ""36"", ""19"", ""29"", ""19"", ""29"", ""3"", ""8"", ""2"" ]"
"Algebra_1",37,"[ ""32"", ""33"", ""4"", ""10"", ""3, 8"", ""37"", ""37"", ""33"", ""36"", ""36"", ""30"", ""28"", ""25"", ""27"", ""31"", ""31"", ""25"", ""35"", ""35"", ""35"", ""35"", ""21"", ""29"", ""36"", ""29"", ""29"", ""29"", ""29"", ""3"", ""20"" ]"
"Algebra_1",38,"[ ""38"", ""32"", ""33"", ""13"", ""4"", ""3, 8"", ""37"", ""37"", ""36"", ""36"", ""28"", ""28"", ""25"", ""27"", ""31"", ""31"", ""35"", ""35"", ""35"", ""35"", ""21"", ""29"", ""36"", ""29"", ""29"", ""19"", ""29"", ""8"", ""1"", ""15"" ]"
"Algebra_1",39,"[ ""38"", ""39"", ""32"", ""33"", ""4"", ""3, 8"", ""37"", ""39"", ""33"", ""21"", ""29"", ""36"", ""28"", ""25"", ""27"", ""31"", ""31"", ""35"", ""35"", ""35"", ""35"", ""21"", ""29"", ""36"", ""29"", ""29"", ""29"", ""29"", ""3"", ""20"" ]"
"Algebra_1",40,"[ ""38"", ""39"", ""32"", ""33"", ""10"", ""39"", ""21"", ""36"", ""36"", ""30"", ""28"", ""25"", ""27"", ""31"", ""31"", ""35"", ""35"", ""35"", ""35"", ""40"", ""40"", ""40"", ""40"", ""21"", ""29"", ""19"", ""19"", ""29"", ""8"", ""2"" ]"
"Algebra_1",41,"[ ""38"", ""33"", ""5"", ""4"", ""3, 8"", ""37"", ""39"", ""33"", ""28"", ""25"", ""27"", ""31"", ""31"", ""41"", ""35"", ""35"", ""35"", ""35"", ""40"", ""40"", ""40"", ""40"", ""21"", ""41"", ""29"", ""19"", ""29"", ""29"", ""8"", ""15"" ]"
"Algebra_1",42,"[ ""39"", ""32"", ""13"", ""10"", ""3, 8"", ""39"", ""28"", ""28"", ""25"", ""27"", ""31"", ""31"", ""41"", ""42"", ""42"", ""35"", ""35"", ""35"", ""35"", ""40"", ""40"", ""40"", ""21"", ""41"", ""29"", ""41"", ""36"", ""19"", ""3"", ""20"" ]"
"Algebra_1",43,"[ ""38"", ""33"", ""4"", ""37"", ""39"", ""28"", ""25"", ""27"", ""31"", ""31"", ""41"", ""42"", ""42"", ""43"", ""43"", ""35"", ""35"", ""35"", ""35"", ""40"", ""40"", ""40"", ""21"", ""41"", ""41"", ""41"", ""29"", ""29"", ""8"", ""15"" ]"
"Algebra_1",44,"[ ""39"", ""32"", ""10"", ""3, 8"", ""39"", ""33"", ""28"", ""25"", ""27"", ""31"", ""31"", ""41"", ""42"", ""42"", ""43"", ""43"", ""44"", ""44"", ""35"", ""35"", ""40"", ""40"", ""40"", ""41"", ""41"", ""36"", ""36"", ""10"", ""8"", ""1"" ]"
"Algebra_1",45,"[ ""38"", ""45"", ""4"", ""3, 8"", ""37"", ""39"", ""28"", ""25"", ""27"", ""31"", ""31"", ""41"", ""42"", ""42"", ""43"", ""43"", ""44"", ""44"", ""35"", ""35"", ""40"", ""40"", ""40"", ""41"", ""14"", ""29"", ""36"", ""29"", ""3"", ""20"" ]"
"Algebra_1",46,"[ ""33"", ""45"", ""10"", ""3, 8"", ""39"", ""46"", ""30"", ""28"", ""25"", ""27"", ""31"", ""41"", ""42"", ""42"", ""43"", ""43"", ""44"", ""44"", ""35"", ""35"", ""40"", ""40"", ""40"", ""41"", ""14"", ""36"", ""19"", ""29"", ""8"", ""15"" ]"
"Algebra_1",47,"[ ""39"", ""45"", ""4"", ""3, 8"", ""47"", ""47"", ""46"", ""28"", ""25"", ""27"", ""31"", ""41"", ""42"", ""42"", ""43"", ""43"", ""44"", ""44"", ""35"", ""35"", ""40"", ""40"", ""40"", ""41"", ""29"", ""36"", ""36"", ""29"", ""3"", ""20"" ]"
"Algebra_1",48,"[ ""32"", ""45"", ""10"", ""3, 8"", ""47"", ""47"", ""46"", ""33"", ""28"", ""25"", ""27"", ""31"", ""41"", ""42"", ""43"", ""1"", ""44"", ""48"", ""35"", ""35"", ""40"", ""40"", ""40"", ""41"", ""41"", ""41"", ""36"", ""29"", ""8"", ""2"" ]"
"Algebra_1",49,"[ ""39"", ""45"", ""4"", ""3, 8"", ""47"", ""47"", ""46"", ""28"", ""28"", ""25"", ""27"", ""31"", ""41"", ""43"", ""1"", ""44"", ""48"", ""49"", ""49"", ""35"", ""40"", ""40"", ""40"", ""41"", ""41"", ""41"", ""36"", ""29"", ""8"", ""15"" ]"
"Algebra_1",50,"[ ""33"", ""45"", ""10"", ""47"", ""47"", ""46"", ""33"", ""28"", ""25"", ""27"", ""31"", ""42"", ""43"", ""50"", ""50"", ""1"", ""44"", ""48"", ""49"", ""49"", ""35"", ""40"", ""40"", ""41"", ""41"", ""41"", ""36"", ""3"", ""8"", ""20"" ]"
"Algebra_1",51,"[ ""39"", ""45"", ""4"", ""3, 8"", ""47"", ""47"", ""39"", ""28"", ""25"", ""27"", ""31"", ""41"", ""43"", ""51"", ""51"", ""44"", ""44"", ""48"", ""49"", ""49"", ""35"", ""40"", ""40"", ""41"", ""41"", ""41"", ""36"", ""8"", ""8"", ""15"" ]"
"Algebra_1",52,"[ ""33"", ""52"", ""10"", ""47"", ""47"", ""39"", ""30"", ""28"", ""25"", ""31"", ""31"", ""42"", ""43"", ""51"", ""51"", ""44"", ""52"", ""48"", ""49"", ""49"", ""35"", ""40"", ""40"", ""41"", ""41"", ""41"", ""10"", ""3"", ""8"", ""20"" ]"
"Algebra_1",53,"[ ""39"", ""52"", ""53"", ""47"", ""47"", ""39"", ""33"", ""28"", ""25"", ""31"", ""41"", ""43"", ""51"", ""51"", ""44"", ""52"", ""48"", ""49"", ""49"", ""35"", ""53"", ""53"", ""40"", ""41"", ""41"", ""41"", ""36"", ""3"", ""8"", ""15"" ]"
"Algebra_1",54,"[ ""32"", ""52"", ""53"", ""47"", ""47"", ""46"", ""28"", ""31"", ""31"", ""54"", ""54"", ""43"", ""51"", ""51"", ""44"", ""52"", ""48"", ""49"", ""49"", ""35"", ""53"", ""53"", ""40"", ""41"", ""41"", ""41"", ""36"", ""3"", ""8"", ""20"" ]"
"Algebra_1",55,"[ ""39"", ""52"", ""53"", ""47"", ""47"", ""46"", ""28"", ""25"", ""31"", ""55"", ""55"", ""54"", ""54"", ""43"", ""51"", ""51"", ""44"", ""52"", ""48"", ""49"", ""35"", ""53"", ""53"", ""40"", ""41"", ""41"", ""36"", ""3"", ""8"", ""15"" ]"
"Algebra_1",56,"[ ""33"", ""53"", ""56"", ""56"", ""3, 8"", ""47"", ""47"", ""46"", ""28"", ""31"", ""41"", ""55"", ""55"", ""54"", ""54"", ""51"", ""56"", ""44"", ""52"", ""48"", ""49"", ""53"", ""53"", ""40"", ""41"", ""41"", ""29"", ""8"", ""2"", ""20"" ]"
"Algebra_1",57,"[ ""39"", ""45"", ""53"", ""56"", ""56"", ""47"", ""46"", ""28"", ""27"", ""55"", ""55"", ""54"", ""54"", ""51"", ""56"", ""44"", ""52"", ""57"", ""57"", ""48"", ""49"", ""53"", ""53"", ""40"", ""41"", ""41"", ""19"", ""3"", ""8"", ""15"" ]"
"Algebra_1",58,"[ ""58"", ""58"", ""33"", ""52"", ""56"", ""46"", ""33"", ""28"", ""31"", ""55"", ""55"", ""54"", ""54"", ""51"", ""56"", ""44"", ""52"", ""57"", ""57"", ""48"", ""49"", ""53"", ""53"", ""40"", ""41"", ""41"", ""19"", ""3"", ""8"", ""20"" ]"
"Algebra_1",59,"[ ""58"", ""58"", ""39"", ""56"", ""46"", ""30"", ""28"", ""31"", ""55"", ""55"", ""54"", ""59"", ""51"", ""56"", ""44"", ""52"", ""57"", ""57"", ""48"", ""49"", ""35"", ""53"", ""53"", ""40"", ""41"", ""41"", ""29"", ""8"", ""8"", ""2"" ]"
"Algebra_1",60,"[ ""58"", ""33"", ""52"", ""56"", ""3, 8"", ""46"", ""28"", ""25"", ""41"", ""55"", ""55"", ""54"", ""59"", ""51"", ""56"", ""44"", ""52"", ""57"", ""57"", ""48"", ""49"", ""53"", ""53"", ""40"", ""41"", ""41"", ""19"", ""3"", ""8"", ""20, 60"" ]"
"Algebra_1",61,"[ ""39"", ""52"", ""58"", ""58"", ""45"", ""39"", ""28"", ""61"", ""61"", ""61"", ""61"", ""31"", ""57"", ""55"", ""55"", ""59"", ""59"", ""51"", ""51"", ""56"", ""44"", ""44"", ""49"", ""49"", ""40"", ""53"", ""35"", ""19"", ""3"", ""15, 60"" ]"
"Algebra_1",62,"[ ""52"", ""58"", ""58"", ""45"", ""61"", ""62"", ""62"", ""62"", ""62"", ""61"", ""31"", ""55"", ""55"", ""57"", ""59"", ""59"", ""51"", ""51"", ""56"", ""44"", ""44"", ""35"", ""35"", ""53"", ""21"", ""40"", ""41"", ""41"", ""8"", ""20, 60"" ]"
"Algebra_1",63,"[ ""33"", ""58"", ""58"", ""52"", ""30"", ""53"", ""63"", ""63"", ""61"", ""61"", ""62"", ""61"", ""62"", ""62"", ""62"", ""59"", ""59"", ""46"", ""51"", ""56"", ""55"", ""55"", ""48"", ""35"", ""40"", ""53"", ""57"", ""41"", ""8"", ""15, 60"" ]"
"Algebra_1",64,"[ ""58"", ""58"", ""58"", ""52"", ""45"", ""64"", ""64"", ""63"", ""62"", ""61, 63"", ""62"", ""61"", ""59"", ""59"", ""51"", ""51"", ""28"", ""49"", ""49"", ""55"", ""57"", ""35"", ""35"", ""53"", ""53"", ""41"", ""40"", ""41"", ""3"", ""20, 60"" ]"
"Algebra_1",65,"[ ""65"", ""58"", ""58"", ""65"", ""65"", ""62"", ""64"", ""64"", ""61, 63"", ""61, 63"", ""61"", ""59"", ""59"", ""51"", ""56"", ""52"", ""44"", ""44"", ""57"", ""55"", ""49"", ""40"", ""35"", ""53"", ""53"", ""41"", ""41"", ""19"", ""8"", ""15, 60"" ]"
"Algebra_1",66,"[ ""33"", ""58"", ""58"", ""65"", ""45"", ""28"", ""25"", ""27"", ""66"", ""66"", ""66"", ""64"", ""61"", ""61"", ""59"", ""59"", ""52"", ""44"", ""51"", ""51"", ""49"", ""49"", ""57"", ""55"", ""55"", ""35"", ""19"", ""53"", ""3"", ""20, 60"" ]"
"Algebra_1",67,"[ ""39"", ""58"", ""65"", ""53"", ""27"", ""67"", ""67"", ""67"", ""66"", ""66"", ""66"", ""64"", ""61, 63"", ""61"", ""62"", ""59"", ""51"", ""51"", ""28"", ""52"", ""44"", ""55"", ""55"", ""35"", ""53"", ""40"", ""41"", ""62"", ""8"", ""15, 60"" ]"
"Algebra_1",68,"[ ""33"", ""58"", ""58"", ""52"", ""45"", ""53"", ""28"", ""68"", ""68"", ""66"", ""66"", ""25"", ""31"", ""67"", ""67"", ""64"", ""61"", ""59"", ""51"", ""56"", ""44"", ""57"", ""53"", ""53"", ""53"", ""29"", ""41"", ""41"", ""3"", ""20, 60"" ]"
"Algebra_1",69,"[ ""58"", ""65"", ""61, 63"", ""69"", ""69"", ""69"", ""69"", ""69"", ""69"", ""69"", ""69"", ""69"", ""69"", ""69"", ""69"", ""69"", ""69"", ""69"", ""68"", ""68"", ""66"", ""66"", ""28"", ""67"", ""67"", ""59"", ""41"", ""41"", ""8"", ""15, 60"" ]"
"Algebra_1",70,"[ ""70"", ""70"", ""70"", ""70"", ""70"", ""65"", ""62"", ""69"", ""69"", ""69"", ""69"", ""69"", ""69"", ""69"", ""69"", ""69"", ""69"", ""69"", ""69"", ""69"", ""69"", ""69"", ""28"", ""66"", ""67"", ""59"", ""68"", ""68"", ""68"", ""20, 60"" ]"
"Algebra_1",71,"[ ""70"", ""70"", ""70"", ""70"", ""45"", ""65"", ""10"", ""71"", ""71"", ""71"", ""71"", ""71"", ""71"", ""71"", ""71"", ""69"", ""69"", ""69"", ""69"", ""69"", ""69"", ""68"", ""68"", ""66"", ""62"", ""61, 63"", ""61"", ""41"", ""8"", ""15, 60"" ]"
"Algebra_1",72,"[ ""70"", ""70"", ""70"", ""70"", ""65"", ""58"", ""72"", ""72"", ""72"", ""72"", ""71"", ""71"", ""69"", ""69"", ""69"", ""69"", ""69"", ""69"", ""27"", ""64"", ""68"", ""68"", ""68"", ""28"", ""67"", ""71"", ""61, 63"", ""66"", ""3"", ""72"" ]"
"Algebra_1",73,"[ ""73"", ""70"", ""70"", ""70"", ""58"", ""52"", ""73"", ""73"", ""73"", ""73"", ""73"", ""73"", ""69"", ""71"", ""71"", ""71"", ""72"", ""71"", ""71"", ""71"", ""64"", ""61, 63"", ""10"", ""67"", ""71"", ""52"", ""66"", ""68"", ""31"", ""72"" ]"
"Algebra_1",74,"[ ""73"", ""73"", ""70"", ""39"", ""58"", ""52"", ""64"", ""74"", ""74"", ""74"", ""73"", ""73"", ""73"", ""73"", ""69"", ""69"", ""72"", ""72"", ""71"", ""71"", ""52"", ""59"", ""71"", ""51"", ""66"", ""53"", ""40"", ""28"", ""8"", ""72"" ]"
"Algebra_1",75,"[ ""70"", ""70"", ""73"", ""58"", ""58"", ""58"", ""75"", ""75"", ""75"", ""75"", ""74"", ""74"", ""73"", ""73"", ""73"", ""69"", ""69"", ""71"", ""71"", ""72"", ""72"", ""67"", ""71"", ""66"", ""29"", ""53"", ""68"", ""27"", ""8"", ""72"" ]"
"Algebra_1",76,"[ ""76"", ""58"", ""73"", ""70"", ""75"", ""75"", ""75"", ""74"", ""74"", ""73"", ""73"", ""73"", ""73"", ""69"", ""71"", ""71"", ""71"", ""71"", ""71"", ""71"", ""67"", ""61"", ""44"", ""28"", ""66"", ""29"", ""41"", ""40"", ""31"", ""20, 60"" ]"
"Algebra_1",77,"[ ""77"", ""77"", ""77"", ""70"", ""70"", ""70"", ""45"", ""75"", ""75"", ""75"", ""74"", ""74"", ""73"", ""73"", ""73"", ""73"", ""69"", ""71"", ""71"", ""71"", ""71"", ""71"", ""59"", ""71"", ""61, 63"", ""64"", ""68"", ""66"", ""31"", ""15, 60"" ]"
"Algebra_1",78,"[ ""77"", ""77"", ""73"", ""70"", ""45"", ""58"", ""77"", ""78"", ""78"", ""75"", ""75"", ""74"", ""74"", ""69"", ""71"", ""71"", ""73"", ""73"", ""73"", ""71"", ""67"", ""61, 63"", ""44"", ""66"", ""53"", ""29"", ""40"", ""64"", ""3"", ""20, 60"" ]"
"Algebra_1",79,"[ ""77"", ""73"", ""70"", ""77"", ""65"", ""58"", ""79"", ""79"", ""78"", ""78"", ""78"", ""75"", ""74"", ""74"", ""69"", ""71"", ""71"", ""73"", ""72"", ""72"", ""59"", ""71"", ""61"", ""52"", ""66"", ""41"", ""53"", ""31"", ""8"", ""15"" ]"
"Algebra_1",80,"[ ""76"", ""70"", ""70"", ""58"", ""77"", ""80"", ""80"", ""79"", ""79"", ""79"", ""78"", ""78"", ""25"", ""75"", ""64"", ""71"", ""71"", ""73"", ""73"", ""71"", ""67"", ""61"", ""52"", ""68"", ""53"", ""68"", ""40"", ""41"", ""3"", ""20, 60"" ]"
"Algebra_1",81,"[ ""77"", ""76"", ""70"", ""58"", ""77"", ""58"", ""77"", ""81"", ""81"", ""81"", ""80"", ""80"", ""79"", ""79"", ""78"", ""78"", ""71"", ""71"", ""73"", ""72"", ""59"", ""71"", ""66"", ""62"", ""68"", ""53"", ""29"", ""41"", ""40"", ""20, 60"" ]"
"Algebra_1",82,"[ ""77"", ""73"", ""70"", ""52"", ""45"", ""77"", ""82"", ""82"", ""82"", ""82"", ""79"", ""81"", ""81"", ""81"", ""80"", ""78"", ""78"", ""71"", ""73"", ""72"", ""71"", ""67"", ""61"", ""52"", ""52"", ""66"", ""40"", ""68"", ""8"", ""15, 60"" ]"
"Algebra_1",83,"[ ""83"", ""83"", ""52"", ""39"", ""73"", ""70"", ""82"", ""82"", ""82"", ""82"", ""82"", ""75"", ""81"", ""81"", ""80"", ""80"", ""79"", ""79"", ""78"", ""78"", ""71"", ""73"", ""73"", ""67"", ""64"", ""61"", ""44"", ""68"", ""41"", ""20"" ]"
"Algebra_1",84,"[ ""83"", ""83"", ""58"", ""77"", ""76"", ""70"", ""84"", ""84"", ""82"", ""82"", ""82"", ""75"", ""81"", ""67"", ""81"", ""80"", ""53"", ""64"", ""79"", ""78"", ""31"", ""71"", ""71"", ""52"", ""49"", ""62"", ""19"", ""28"", ""8"", ""15, 60"" ]"
"Algebra_1",85,"[ ""83"", ""58"", ""77"", ""39"", ""70"", ""45, 85"", ""85"", ""73"", ""84"", ""84"", ""84"", ""82"", ""81"", ""67"", ""71"", ""81"", ""80"", ""79"", ""71"", ""73"", ""35"", ""78"", ""25"", ""61"", ""36"", ""40"", ""64"", ""19"", ""41"", ""72"" ]"
"Algebra_1",86,"[ ""83"", ""83"", ""76"", ""58"", ""33"", ""45, 85"", ""86"", ""86"", ""86"", ""86"", ""84"", ""84"", ""84"", ""82"", ""82"", ""75"", ""81"", ""59"", ""81"", ""80"", ""79"", ""71"", ""69"", ""73"", ""71"", ""78"", ""52"", ""62"", ""8"", ""15"" ]"
"Algebra_1",87,"[ ""83"", ""83"", ""76"", ""58"", ""73"", ""45, 85"", ""87"", ""87"", ""86"", ""86"", ""86"", ""84"", ""84"", ""82"", ""82"", ""75"", ""81"", ""67"", ""81"", ""80"", ""71"", ""71"", ""31"", ""62"", ""62"", ""68"", ""53"", ""40"", ""3"", ""72"" ]"
"Algebra_1",88,"[ ""83"", ""83"", ""58"", ""77"", ""70"", ""45"", ""85"", ""88"", ""88"", ""88"", ""88"", ""79"", ""84, 87"", ""86"", ""86"", ""86"", ""82"", ""75"", ""84"", ""84"", ""82"", ""81"", ""67"", ""80"", ""64"", ""25"", ""52"", ""62"", ""36"", ""72"" ]"
"Algebra_1",89,"[ ""89"", ""83"", ""77"", ""58"", ""77"", ""70"", ""85"", ""45"", ""88"", ""88"", ""88"", ""88"", ""88"", ""88"", ""87"", ""84, 87"", ""84"", ""86"", ""86"", ""82"", ""75"", ""81"", ""67"", ""84"", ""61, 63"", ""80"", ""68"", ""62"", ""36"", ""20, 60"" ]"
"Algebra_1",90,"[ ""90"", ""90"", ""90"", ""89"", ""65"", ""45, 85"", ""53"", ""88"", ""88"", ""88"", ""88"", ""87"", ""84, 87"", ""86"", ""86"", ""82"", ""84"", ""84"", ""75"", ""81"", ""54"", ""80"", ""61"", ""64"", ""78"", ""31"", ""41"", ""52"", ""36"", ""72"" ]"
"Algebra_1",91,"[ ""90"", ""89"", ""83"", ""58"", ""45"", ""91"", ""64"", ""91"", ""88"", ""88"", ""88"", ""87"", ""84, 87"", ""82, 84"", ""86"", ""75"", ""66"", ""84"", ""81"", ""67"", ""80"", ""61, 63"", ""78"", ""31"", ""62"", ""68"", ""68"", ""36, 41"", ""91"", ""20, 60"" ]"
"Algebra_1",92,"[ ""92"", ""92"", ""45"", ""89"", ""77"", ""73"", ""91"", ""91"", ""88"", ""88"", ""88"", ""82"", ""75"", ""86"", ""66"", ""84"", ""81"", ""67"", ""80"", ""61"", ""53"", ""78"", ""25"", ""31"", ""41"", ""29"", ""36, 62"", ""40"", ""91"", ""15, 60"" ]"
"Algebra_1",93,"[ ""92"", ""92"", ""89"", ""90"", ""58"", ""77"", ""70"", ""93"", ""93"", ""91"", ""64"", ""88"", ""88"", ""84, 87"", ""86"", ""84"", ""84"", ""82"", ""75"", ""81"", ""59"", ""80"", ""78"", ""31"", ""62"", ""49"", ""44"", ""36, 62"", ""3"", ""20, 60"" ]"
"Algebra_1",94,"[ ""94"", ""92"", ""89"", ""77"", ""65"", ""58"", ""70"", ""9, 11"", ""93"", ""93"", ""82"", ""75"", ""64"", ""88"", ""88"", ""82"", ""82"", ""86"", ""84"", ""84"", ""81"", ""54"", ""80"", ""61"", ""78"", ""31"", ""29"", ""40"", ""91"", ""15, 60"" ]"
"Algebra_1",95,"[ ""92"", ""94"", ""90"", ""77"", ""58"", ""58"", ""73"", ""45, 85"", ""95"", ""95"", ""93"", ""93"", ""91"", ""88"", ""88"", ""82"", ""86"", ""82"", ""75"", ""84"", ""84"", ""81"", ""67"", ""80"", ""61"", ""68"", ""36"", ""78"", ""91"", ""20, 60"" ]"
"Algebra_1",96,"[ ""94"", ""92"", ""92"", ""83"", ""58"", ""90"", ""70"", ""96"", ""95"", ""93"", ""91"", ""88"", ""88"", ""82"", ""75"", ""86"", ""84"", ""84"", ""81"", ""67"", ""80"", ""61, 63"", ""78"", ""25"", ""31"", ""35, 36"", ""62"", ""29"", ""8"", ""15"" ]"
"Algebra_1",97,"[ ""92"", ""92"", ""89"", ""33"", ""76"", ""65"", ""58"", ""97"", ""97"", ""75"", ""96"", ""95"", ""93"", ""88"", ""82"", ""84, 87"", ""86"", ""84"", ""84"", ""81"", ""80"", ""78"", ""31"", ""49"", ""62"", ""40"", ""68"", ""35, 36"", ""3"", ""20, 60"" ]"
"Algebra_1",98,"[ ""94"", ""92"", ""90"", ""77"", ""58"", ""58"", ""70"", ""97"", ""97"", ""98"", ""98"", ""96"", ""95"", ""93"", ""84"", ""88"", ""82"", ""75"", ""86"", ""81"", ""80"", ""91"", ""78"", ""31"", ""41"", ""62"", ""35, 36"", ""68"", ""91"", ""15, 60"" ]"
"Algebra_1",99,"[ ""99"", ""99"", ""33"", ""83"", ""58"", ""76"", ""97"", ""97"", ""97"", ""98"", ""98"", ""95"", ""96"", ""93"", ""88"", ""61, 63"", ""82"", ""75"", ""86"", ""84"", ""84"", ""81"", ""91"", ""80"", ""52"", ""78"", ""41, 62"", ""35, 36"", ""91"", ""20, 60"" ]"
"Algebra_1",100,"[ ""99"", ""92"", ""90"", ""77"", ""58"", ""70"", ""100"", ""97"", ""97"", ""75"", ""98"", ""95"", ""96"", ""93"", ""88"", ""84, 87"", ""86"", ""84"", ""84"", ""81"", ""91"", ""80"", ""61"", ""52"", ""78"", ""41"", ""35"", ""29"", ""8"", ""15, 60"" ]"
"Algebra_1",101,"[ ""99"", ""94"", ""90"", ""77"", ""77"", ""73"", ""45"", ""101"", ""101"", ""100"", ""97"", ""75"", ""98"", ""95"", ""96"", ""93"", ""88"", ""61, 63"", ""66"", ""84"", ""81"", ""91"", ""78"", ""31"", ""35, 36"", ""68"", ""16"", ""53"", ""3"", ""20, 60"" ]"
"Algebra_1",102,"[ ""94"", ""90"", ""83"", ""76"", ""58"", ""70"", ""102"", ""102"", ""102"", ""101"", ""101"", ""100"", ""97"", ""97"", ""98"", ""95"", ""96"", ""93"", ""88"", ""82"", ""75"", ""86"", ""84"", ""81"", ""78"", ""80"", ""35, 36"", ""41"", ""8"", ""15, 60"" ]"
"Algebra_1",103,"[ ""94"", ""92"", ""33"", ""89"", ""90"", ""58"", ""70"", ""103"", ""103"", ""102"", ""102"", ""101"", ""101"", ""100"", ""97"", ""75"", ""98"", ""95"", ""93"", ""88"", ""84, 87"", ""86"", ""84"", ""81"", ""61"", ""35, 36"", ""68"", ""19"", ""3"", ""20, 60"" ]"
"Algebra_1",104,"[ ""92"", ""92"", ""77"", ""89"", ""58"", ""73"", ""104"", ""104"", ""103"", ""103"", ""78"", ""103"", ""102"", ""102"", ""101"", ""101"", ""100"", ""97"", ""75"", ""98"", ""95"", ""88"", ""82"", ""84"", ""62"", ""31"", ""19"", ""35, 36"", ""8"", ""15, 60"" ]"
"Algebra_1",105,"[ ""92"", ""99"", ""89"", ""77"", ""58"", ""70"", ""105"", ""105"", ""105"", ""105"", ""105"", ""105"", ""104"", ""104"", ""103"", ""78"", ""102"", ""102"", ""101"", ""101"", ""100"", ""97"", ""81"", ""95"", ""98"", ""84"", ""93"", ""62"", ""3"", ""72"" ]"
"Algebra_1",106,"[ ""94"", ""92"", ""83"", ""77"", ""58"", ""70"", ""106"", ""106"", ""105"", ""105"", ""105"", ""105"", ""105"", ""105"", ""104"", ""104"", ""104"", ""104"", ""102"", ""103"", ""103"", ""101"", ""101"", ""100"", ""84"", ""35, 36"", ""97"", ""98"", ""62"", ""15, 60"" ]"
"Algebra_1",107,"[ ""92"", ""99"", ""58"", ""83"", ""77"", ""107"", ""107"", ""106"", ""106"", ""98"", ""105"", ""105"", ""105"", ""105"", ""104"", ""104"", ""102"", ""103"", ""103"", ""100"", ""95"", ""101"", ""88"", ""80"", ""84"", ""31"", ""62"", ""35, 36"", ""91"", ""72"" ]"
"Algebra_1",108,"[ ""92"", ""99"", ""89"", ""90"", ""73"", ""65"", ""108"", ""108"", ""108"", ""108"", ""107"", ""106"", ""105"", ""105"", ""104"", ""103"", ""100"", ""97"", ""75"", ""68"", ""101"", ""81"", ""93"", ""86"", ""82"", ""68"", ""62"", ""62"", ""8"", ""72"" ]"
"Algebra_1",109,"[ ""92"", ""94"", ""89"", ""77"", ""39"", ""58"", ""109"", ""71"", ""109"", ""109"", ""71"", ""71"", ""71"", ""109"", ""71"", ""108"", ""108"", ""107"", ""106"", ""104"", ""105"", ""105"", ""97"", ""75"", ""102"", ""81"", ""103"", ""93"", ""62"", ""20"" ]"
"Algebra_1",110,"[ ""99"", ""99"", ""76"", ""77"", ""58"", ""58"", ""110"", ""110"", ""109"", ""109"", ""109"", ""108"", ""108"", ""107"", ""107"", ""105"", ""105"", ""104"", ""103"", ""100"", ""97"", ""102"", ""78"", ""101"", ""84, 87"", ""31"", ""53"", ""62"", ""91"", ""72"" ]"
"Algebra_1",111,"[ ""99"", ""92"", ""89"", ""33"", ""58"", ""70"", ""110"", ""110"", ""106"", ""111"", ""111"", ""109"", ""71"", ""109"", ""109"", ""108"", ""108"", ""105"", ""104"", ""88"", ""102"", ""98"", ""82"", ""61"", ""84"", ""36"", ""40"", ""62"", ""3"", ""20, 60"" ]"
"Algebra_1",112,"[ ""94"", ""92"", ""89"", ""77"", ""39"", ""73"", ""110"", ""110"", ""112"", ""106"", ""107"", ""111"", ""111"", ""71"", ""109"", ""109"", ""108"", ""108"", ""105"", ""105"", ""102"", ""111"", ""104"", ""81"", ""82"", ""75"", ""86"", ""101"", ""8"", ""15"" ]"
"Algebra_1",113,"[ ""113"", ""113"", ""92"", ""113"", ""89"", ""113"", ""110"", ""110"", ""112"", ""112"", ""112"", ""111"", ""111"", ""71"", ""71"", ""71"", ""108"", ""108"", ""104"", ""103"", ""98"", ""105"", ""88"", ""107"", ""97"", ""80"", ""53"", ""62"", ""8"", ""15, 20"" ]"
"Algebra_1",114,"[ ""114"", ""114"", ""114"", ""114"", ""113"", ""113"", ""92"", ""110"", ""107"", ""106"", ""107"", ""53"", ""111"", ""112"", ""112"", ""103"", ""25"", ""86"", ""109"", ""109"", ""105"", ""104"", ""108"", ""81"", ""68"", ""98"", ""36"", ""62"", ""8"", ""15, 20"" ]"
"Algebra_1",115,"[ ""114"", ""113"", ""113"", ""92"", ""83"", ""73"", ""115"", ""115"", ""115"", ""110"", ""110"", ""114"", ""106"", ""107"", ""102"", ""111"", ""112"", ""112"", ""109"", ""73"", ""109"", ""108"", ""103"", ""104"", ""84, 87"", ""62"", ""53"", ""80"", ""91"", ""20, 60"" ]"
"Algebra_1",116,"[ ""114"", ""114"", ""113"", ""92"", ""58"", ""89"", ""116"", ""116"", ""116"", ""115"", ""115"", ""95"", ""110"", ""114"", ""114"", ""107"", ""107"", ""111"", ""112"", ""112"", ""108"", ""109"", ""109"", ""105"", ""105"", ""104"", ""114"", ""19"", ""91"", ""15, 20, 60"" ]"
"Algebra_1",117,"[ ""117"", ""117"", ""113"", ""117"", ""114"", ""39"", ""116"", ""116"", ""115"", ""110"", ""110"", ""114"", ""114"", ""106"", ""107"", ""107"", ""102"", ""111"", ""111"", ""108"", ""109"", ""109"", ""105"", ""105"", ""104"", ""103"", ""62"", ""62"", ""8"", ""15, 60"" ]"
"Algebra_1",118,"[ ""117"", ""114"", ""94"", ""89"", ""77"", ""70"", ""114"", ""118"", ""118"", ""118"", ""118"", ""116"", ""116"", ""116"", ""115"", ""110"", ""110"", ""114"", ""107"", ""106"", ""111"", ""102"", ""111"", ""109"", ""109"", ""109"", ""105"", ""105"", ""108"", ""72"" ]"
"Algebra_1",119,"[ ""117"", ""114"", ""117"", ""92"", ""58"", ""89"", ""77"", ""119"", ""119"", ""119"", ""119"", ""118"", ""118"", ""118"", ""112"", ""116"", ""116"", ""115"", ""110"", ""110"", ""114"", ""106"", ""107"", ""102"", ""109"", ""105"", ""88"", ""108"", ""68"", ""72"" ]"
"Algebra_1",120,"[ ""45, 120"", ""120"", ""114"", ""117"", ""92"", ""89"", ""114"", ""39"", ""33"", ""119"", ""119"", ""118"", ""118"", ""88"", ""88"", ""110"", ""110"", ""111"", ""75"", ""115"", ""106"", ""116"", ""84"", ""71"", ""105"", ""61"", ""84, 87"", ""82"", ""41"", ""15, 20"" ]"
